 
<!-- This file contains simple associative XML structure as key value pairs derived from the Attributes defined on the Conceptual Model Entity. -->
<!-- classificationCode attribute value is entity key of conceptual model entity, and conceptualModelURI value is the namespace of conceptual model entity. -->  
<attributes classificationCode="Broadband_Modem_PS" conceptualModelURI="Training_Model_Broadband_PS/1.0.0.0.0">                  
	<attribute>
		<key>AccessTechnology</key>
		<value>AccessTechnology</value>
	</attribute>
                 
	<attribute>
		<key>DeviceType</key>
		<value>DeviceType</value>
	</attribute>
                 
	<attribute>
		<key>IPAddress</key>
		<value>IPAddress</value>
	</attribute>
                 
	<attribute>
		<key>MACAddress</key>
		<value>MACAddress</value>
	</attribute>
                 
	<attribute>
		<key>Model</key>
		<value>Model</value>
	</attribute>
                 
	<attribute>
		<key>SerialNumber</key>
		<value>SerialNumber</value>
	</attribute>
                 
	<attribute>
		<key>Vendor</key>
		<value>Vendor</value>
	</attribute>
             
</attributes>  
 