 
<!-- This file contains simple associative XML structure as key value pairs derived from the Attributes defined on the Conceptual Model Entity. -->
<!-- classificationCode attribute value is entity key of conceptual model entity, and conceptualModelURI value is the namespace of conceptual model entity. -->  
<attributes classificationCode="Broadband_PS" conceptualModelURI="Training_Model_Broadband_PS/1.0.0.0.0">                  
	<attribute>
		<key>CustomerSegment</key>
		<value>CustomerSegment</value>
	</attribute>
                 
	<attribute>
		<key>Password</key>
		<value>Password</value>
	</attribute>
                 
	<attribute>
		<key>PayType</key>
		<value>PayType</value>
	</attribute>
                 
	<attribute>
		<key>PlanName</key>
		<value>PlanName</value>
	</attribute>
                 
	<attribute>
		<key>Username</key>
		<value>Username</value>
	</attribute>
                 
	<attribute>
		<key>PartyName</key>
		<value>PartyName</value>
	</attribute>
                 
	<attribute>
		<key>ProductAction</key>
		<value>ProductAction</value>
	</attribute>
                 
	<attribute>
		<key>BuildingName</key>
		<value>BuildingName</value>
	</attribute>
                 
	<attribute>
		<key>HouseNumber</key>
		<value>HouseNumber</value>
	</attribute>
                 
	<attribute>
		<key>StreetName</key>
		<value>StreetName</value>
	</attribute>
                 
	<attribute>
		<key>Latitude</key>
		<value>Latitude</value>
	</attribute>
                 
	<attribute>
		<key>Longitude</key>
		<value>Longitude</value>
	</attribute>
             
</attributes>  
 