 
<!-- This file contains simple associative XML structure as key value pairs derived from the Attributes defined on the Conceptual Model Entity. -->
<!-- classificationCode attribute value is entity key of conceptual model entity, and conceptualModelURI value is the namespace of conceptual model entity. -->  
<attributes classificationCode="Broadband_Bandwidth_PS" conceptualModelURI="Training_Model_Broadband_PS/1.0.0.0.0">                  
	<attribute>
		<key>DownloadSpeed</key>
		<value>DownloadSpeed</value>
	</attribute>
                 
	<attribute>
		<key>UploadSpeed</key>
		<value>UploadSpeed</value>
	</attribute>
             
</attributes>  
 