 
<!-- This file contains simple associative XML structure as key value pairs derived from the Attributes defined on the Conceptual Model Entity. -->
<!-- classificationCode attribute value is entity key of conceptual model entity, and conceptualModelURI value is the namespace of conceptual model entity. -->  
<attributes classificationCode="ServiceActions_Broadband_CFS" conceptualModelURI="Training_Model_Broadband_Service/1.0.0.0.0">                  
	<attribute>
		<key>PartyName</key>
		<value>PartyName</value>
	</attribute>
                 
	<attribute>
		<key>ServiceAction</key>
		<value>ServiceAction</value>
	</attribute>
                 
	<attribute>
		<key>AccessTechnology</key>
		<value>AccessTechnology</value>
	</attribute>
                 
	<attribute>
		<key>CustomerSegment</key>
		<value>CustomerSegment</value>
	</attribute>
                 
	<attribute>
		<key>PayType</key>
		<value>PayType</value>
	</attribute>
                 
	<attribute>
		<key>PlanName</key>
		<value>PlanName</value>
	</attribute>
                 
	<attribute>
		<key>UploadSpeed</key>
		<value>UploadSpeed</value>
	</attribute>
                 
	<attribute>
		<key>DownloadSpeed</key>
		<value>DownloadSpeed</value>
	</attribute>
                 
	<attribute>
		<key>SerialNumber</key>
		<value>SerialNumber</value>
	</attribute>
                 
	<attribute>
		<key>MACAddress</key>
		<value>MACAddress</value>
	</attribute>
                 
	<attribute>
		<key>IPAddress</key>
		<value>IPAddress</value>
	</attribute>
                 
	<attribute>
		<key>CPEType</key>
		<value>CPEType</value>
	</attribute>
                 
	<attribute>
		<key>Vendor</key>
		<value>Vendor</value>
	</attribute>
                 
	<attribute>
		<key>Model</key>
		<value>Model</value>
	</attribute>
                 
	<attribute>
		<key>Username</key>
		<value>Username</value>
	</attribute>
                 
	<attribute>
		<key>Password</key>
		<value>Password</value>
	</attribute>
                 
	<attribute>
		<key>BuildingName</key>
		<value>BuildingName</value>
	</attribute>
                 
	<attribute>
		<key>Street_HouseNumber</key>
		<value>Street_HouseNumber</value>
	</attribute>
                 
	<attribute>
		<key>Street_VillageName</key>
		<value>Street_VillageName</value>
	</attribute>
                 
	<attribute>
		<key>Longitude</key>
		<value>Longitude</value>
	</attribute>
                 
	<attribute>
		<key>Latitude</key>
		<value>Latitude</value>
	</attribute>
             
</attributes>  
 