<automationMap xmlns="http://www.metasolv.com/OMS/AutomationMap/2001/11/23" xmlns:am="http://www.metasolv.com/OMS/AutomationMap/2001/11/23" xmlns:db="http://www.metasolv.com/Provisioning/database/DatabasePlugin/2006/02/28" xmlns:xsi="http://www.w3.org/2001/XMLSchema-instance" xsi:schemaLocation="http://www.metasolv.com/OMS/AutomationMap/2001/11/23 ./automationMap.xsd http://www.metasolv.com/Provisioning/database/DatabasePlugin/2006/02/28 ./databasePlugin.xsd ">
<taskAutomator>
	<pluginJndiName>ProvisioningTask.automatedtask.training_osm_com_provisioning.ProvisioningRequestBean</pluginJndiName>
	<ejbName>ProvisioningTask.automatedtask.training_osm_com_provisioning.ProvisioningRequestBean</ejbName>
	<className>oracle.communications.ordermanagement.automation.plugin.XQuerySender</className>
	<runAs>%{DEFAULT_AUTOMATION_USER}</runAs>
	          
	<cartridgeNamespace>Training_OSM_COM_Solution</cartridgeNamespace>
    <cartridgeVersion>1.0.0.0.0</cartridgeVersion>    

	<receive xsi:type="am:InternalReceiver">
		<mnemonic>ProvisioningTask</mnemonic>
 		<executionModes>do</executionModes>
	</receive>		
    
	<implement xsi:type="am:XquerySender">
		<to>
			<jndiName>%{COM_OUTBOUND_CREATE_PROV_REQUEST_QUEUE_JNDI}</jndiName>
			<destinationType>javax.jms.Queue</destinationType>
		</to>
		<replyTo>
			<jndiName>%{COM_INBOUND_CREATE_PROV_RESPONSE_QUEUE_JNDI}</jndiName>
			<destinationType>javax.jms.Queue</destinationType>
		</replyTo>
		<am:sendNullMessage>false</am:sendNullMessage>
		<am:script>
			<am:url>http://www.training.com/com/provisioning/resources/plugin/ProvisioningRequest.xquery</am:url>
			<am:cache>
				<am:maxSize>50</am:maxSize>
				<am:timeout>15000</am:timeout>
			</am:cache>
		</am:script>
	</implement>          
	<failTaskOnException>false</failTaskOnException>
</taskAutomator>
</automationMap>